﻿<Repositories>
  <Repository>
    <Name>Main_TypeAB_English</Name>
    <URL>http://54.75.246.28/~csi/csi-repositorys/RepositoryInfo.zip</URL>
    <Enabled>0</Enabled>
  </Repository>
  <Repository>
    <Name>Main_TypeC_English</Name>
    <URL>http://54.75.246.28/~csi/csi-repositorys/RepositoryInfo_C200.zip</URL>
    <Enabled>0</Enabled>
  </Repository>
  <Repository>
    <Name>Main_TypeA4_English</Name>
    <URL>http://54.75.246.28/~csi/csi-repositorys/RepositoryInfo_A400.zip</URL>
    <Enabled>0</Enabled>
  </Repository>
  <Repository>
    <Name>Main_TypeAB_Русский</Name>
    <URL>http://54.75.246.28/~csi/csi-repositorys/RepositoryInfo_Rus.zip</URL>
    <Enabled>0</Enabled>
  </Repository>
  <Repository>
    <Name>Main_TypeC_Русский</Name>
    <URL>http://54.75.246.28/~csi/csi-repositorys/RepositoryInfo_C200.zip</URL>
    <Enabled>0</Enabled>
  </Repository>
  <Repository>
    <Name>Main_TypeAB_Français</Name>
    <URL>http://54.75.246.28/~csi/csi-repositorys/RepositoryInfo_French.zip</URL>
    <Enabled>0</Enabled>
  </Repository>
  <Repository>
    <Name>Main_TypeC_Français</Name>
    <URL>http://54.75.246.28/~csi/csi-repositorys/RepositoryInfo_C200_French.zip</URL>
    <Enabled>0</Enabled>
  </Repository>
</Repositories>