﻿<Repositories>
  <Repository>
    <Name>Main_TypeAB_English</Name>
    <URL>http://78.46.108.209:8100/RepositoryInfo.zip</URL>
    <Enabled>0</Enabled>
  </Repository>
  <Repository>
    <Name>Main_TypeC_English</Name>
    <URL>http://78.46.108.209:8100/RepositoryInfo_C200.zip</URL>
    <Enabled>0</Enabled>
  </Repository>
  <Repository>
    <Name>Main_TypeA4_English</Name>
    <URL>http://78.46.108.209:8100/RepositoryInfo_A400.zip</URL>
    <Enabled>0</Enabled>
  </Repository>
  <Repository>
    <Name>Main_TypeAB_Русский</Name>
    <URL>http://78.46.108.209:8100/RepositoryInfo_Rus.zip</URL>
    <Enabled>0</Enabled>
  </Repository>
  <Repository>
    <Name>Main_TypeC_Русский</Name>
    <URL>http://78.46.108.209:8100/RepositoryInfo_C200.zip</URL>
    <Enabled>0</Enabled>
  </Repository>
  <Repository>
    <Name>Main_TypeAB_Français</Name>
    <URL>http://78.46.108.209:8100/RepositoryInfo_French.zip</URL>
    <Enabled>0</Enabled>
  </Repository>
  <Repository>
    <Name>Main_TypeC_Français</Name>
    <URL>http://78.46.108.209:8100/RepositoryInfo_C200_French.zip</URL>
    <Enabled>0</Enabled>
  </Repository>
</Repositories>