<?xml version="1.0" encoding="gb2312"?>

<module>

  <!-- Directory --> 
 
  <folder name="directory"> 
		<folder name="entertainment"/> 
		<folder name="shopping"/> 
		<folder name="tech_gadgets"/> 
		<folder name="reference"/> 
		<folder name="travel"/> 
		<folder name="classifieds"/>
		<folder name="greeting_card"/>
		<folder name="home_family"/>
  </folder> 

	<!-- Main cat: entertainment -->
  <folder name="entertainment"> 
		<folder name="movies"/> 
		<folder name="music"/> 
		<folder name="celebrities"/> 
		<folder name="comics"/> 
		<folder name="games"/> 
		<folder name="online_stories"/>  
  </folder> 

	<!-- Main cat: shopping -->
  <folder name="shopping"> 
		<folder name="apparel_accessories"/> 
		<folder name="books_movies_music"/> 
		<folder name="consumer_electronics"/> 
		<folder name="gifts_flowers_gourmet"/> 
		<folder name="home_garden_pets"/> 
		<folder name="shop_computer"/>
		<folder name="toys_kids_baby"/>
		<folder name="sports_outdoor"/>  
  </folder> 

	<!-- Main cat: tech_gadgets -->
  <folder name="tech_gadgets"> 
		<folder name="software"/> 
		<folder name="hardware"/> 
		<folder name="internet"/>
		<folder name="tech_news"/>
		<folder name="tech_computer"/> 
		<folder name="antivirus"/> 
		<folder name="electronics"/>
  </folder>

	<!-- Main cat: reference -->
  <folder name="reference"> 
		<folder name="maps"/> 
		<folder name="geography"/> 
		<folder name="dictionaries"/> 
		<folder name="flags"/> 
		<folder name="world_records"/>
		<folder name="bibliographies"/>
		<folder name="biography"/>
  </folder>

	<!-- Main cat: travel -->
  <folder name="travel"> 
		<folder name="air_travel"/> 
		<folder name="car_travel"/> 
		<folder name="rail_travel"/> 
		<folder name="lodging"/> 
		<folder name="packages_cruises"/> 
		<folder name="hot_deals"/> 
		<folder name="travel_interest"/> 
		<folder name="resources_tips"/> 
  </folder> 

  <!-- Main cat: classifieds -->
  <folder name="classifieds"> 
		<link name="jumbo_careers" url="http://www.jumboclassifieds.com"/> 
		<link name="job_hunt" url="http://www.job-hunt.org"/> 
		<link name="newsday_com" url="http://www.newsday.com/classified"/> 
		<link name="career_site" url="http://www.careersite.com"/> 
		<link name="degree_hunter" url="http://www.DegreeHunter.com"/> 
		<link name="gojobs" url="http://www.gojobs.com"/> 
  </folder>

	<!-- Main cat: greeting_card -->
	<folder name="greeting_card"> 
		<link name="american_greetings" url="http://www.msn.americangreetings.com/index_msn.pd"/> 
		<link name="yahoo_greetings" url="http://greetings.yahoo.com"/> 
		<link name="hallmark" url="http://www.hallmark.com"/> 
		<link name="greeting_cards_com" url="http://www.greeting-cards.com"/> 
		<link name="free_greeting" url="http://channels.netscape.com/ns/atplay/greetingcards.jsp"/>  
		<link name="greetingcardcds_com" url="http://www.greetingcardcds.com"/>
		<link name="crossdaily" url="http://cards.crossdaily.com"/> 
  </folder>

	<!-- Main cat: home_family -->
	<folder name="home_family"> 
		<folder name="food_recipes"/> 
		<folder name="pets"/> 
		<folder name="wedding"/> 
		<folder name="diy"/> 
		<folder name="parenting"/> 
		<folder name="garden"/> 
		<folder name="homemaking"/>
  </folder> 

  <!-- sub cat:Entertainment -->
  <!-- sub cat: movies -->
  <folder name="movies"> 
		<link name="allmovieguide" url="http://www.allmovie.com"/> 
		<link name="movies_com" url="http://movies.go.com"/>  
		<link name="movieyahoo" url="http://movies.yahoo.com/"/> 
		<link name="thunderbirds" url="http://www.thunderbirdsmovie.com"/> 
		<link name="moviesweb" url="http://movieweb.com"/> 
  </folder> 

	<!-- sub cat: music -->
  <folder name="music"> 
		<link name="launch_music" url="http://launch.yahoo.com/"/> 
		<!-- <link name="allmusic" url="http://www.allmusic.com"/>  -->
		<link name="popscast" url="http://www.popscast.com"/> 
		<link name="mp3" url="http://www.mp3.com"/> 
		<link name="audiogalaxy" url="http://www.audiogalaxy.com"/> 
		<link name="bmi" url="http://www.bmi.com"/> 
		<link name="asiandb" url="http://www.asiandb.com/store/music.pfm"/> 
		<link name="all_reviews" url="http://www.all-reviews.com/music.htm"/> 
  </folder> 

	<!-- sub cat: celebrities -->
  <folder name="celebrities"> 
		<!-- <link name="celebhoo" url="http://www.celebhoo.com"/>  -->
		<link name="worldhot" url="http://www.worldhot.com/entertainment/celebrities"/> 
		<link name="mm52" url="http://www.mm52.com"/> 
		<link name="hollywooda_z" url="http://www.hollywooda-z.com"/> 
		<link name="stars_online" url="http://www.stars.com"/> 
		<!-- <link name="abstracts" url="http://www.abstracts.net"/> --> 
		<link name="eonline" url="http://www.eonline.com"/>
  </folder> 

	<!-- sub cat: comics -->
	<folder name="comics"> 
		<link name="animation_world_network" url="http://www.awn.com"/> 
		<link name="comics_com" url="http://www.comics.com"/>
		<link name="comicspage" url="http://www.comicspage.com/"/>
		<link name="dilbert" url="http://www.dilbert.com"/>
		<link name="cartoon_saloon" url="http://www.cartoonsaloon.ie"/> 
		<link name="universal_kids" url="http://homevideo.universalstudios.com/kids.html"/> 
	</folder>  
    
	<!-- sub cat: games -->
	<folder name="games"> 
		<link name="yahoo_games" url="http://games.yahoo.com/"/> 
		<link name="netscape" url="http://channels.netscape.com/ns/atplay/default.jsp"/> 
		<!-- <link name="gamezone" url="http://www.gamezone.com"/>  -->
		<link name="games_domain" url="http://www.gamesdomain.co.uk/indexuk.html"/> 
		<link name="popcap_games" url="http://www.popcap.com"/> 
		<link name="pcgamer" url="http://www.pcgamer.com"/> 
		<link name="gamespot" url="http://www.gamespot.com"/> 
		<link name="allgame" url="http://www.allgame.com"/>  
  </folder>  
    
	<!-- sub cat: online_stories -->
	<folder name="online_stories"> 
		<link name="child_story_online" url="http://www.magickeys.com/books"/> 
		<link name="kids_corner" url="http://wiredforbooks.org/kids.htm"/> 
		<!-- <link name="disney_story" url="http://disney.go.com/disneybooks/index.html"/>  -->
		<link name="ipl_kidspace" url="http://www.ipl.org/div/kidspace/storyhour"/> 
		<link name="tell_me_story" url="http://netnet.net/~dciango/xmas.html"/> 
		<link name="bubble_dome" url="http://www.bubbledome.com/bubbledome.asp?Action=Story"/> 
		<link name="interactive_education" url="http://www.edbydesign.com/kidsact.html"/> 
  </folder>
    
	<!-- sub cat: shopping -->
  <!-- sub cat: apparel_accessories -->
  <folder name="apparel_accessories"> 
	  <link name="macys" url="http://www.macys.com"/> 
	  <link name="fossil" url="http://www.fossil.com"/> 
	  <link name="kleptomaniac" url="http://www.kleptomaniac.com"/> 
	  <link name="polo" url="http://www.polo.com"/> 
	  <link name="harley_davidson" url="http://www.vabiker.com/harley-davidson/Apparel_Accessories.html"/> 
	  <!-- <link name="guess" url="http://www.guess.com"/> --> 
	  <link name="haburi" url="http://www.haburi.com"/> 
  </folder> 

  <!-- sub cat: books_movies_music -->
  <folder name="books_movies_music"> 
		<link name="amazon" url="http://www.amazon.com"/> 
		<link name="oreilly" url="http://www.oreilly.com/"/> 
		<link name="dvdreview" url="http://www.dvdreview.com"/> 
		<link name="cd_universe" url="http://www.cduniverse.com"/> 
		<link name="ecampus" url="http://www.ecampus.com"/> 
		<link name="overstock" url="http://www.overstock.com"/> 
		<link name="buy_com" url="http://www.buy.com"/> 
		<link name="greenapplebooks" url="http://www.greenapplebooks.com/cgi-bin/mergatroid/new548?location="/> 
  </folder> 

  <!-- sub cat: consumer_electronics -->
  <folder name="consumer_electronics"> 
		<link name="camcor" url="http://www.camcor.com"/> 
		<!-- <link name="avguide" url="http://www.avguide.com"/>  -->
		<link name="salescircular" url="http://www.Salescircular.com"/> 
		<link name="dvdcity" url="http://www.dvdcity.com"/> 
		<link name="jessops" url="http://www.jessops.com"/> 
		<link name="batterymart" url="http://www.batterymart.com"/> 
		<link name="samsung" url="http://www.samsung.com"/> 
		<link name="epinions" url="http://www.epinions.com"/> 
  </folder> 

  <!-- sub cat: gifts_flowers_gourmet -->
  <folder name="gifts_flowers_gourmet"> 
		<link name="flowersandgourmetgifts" url="http://flowersandgourmetgifts.com"/> 
		<link name="godiva" url="http://www.godiva.com/welcome.asp"/> 
		<link name="gift_tree" url="http://www.gifttree.com"/> 
		<link name="gift_baskets" url="http://www.giftbaskets.com"/> 
		<link name="fun_genealogy_gifts" url="http://www.fungengifts.xaper.com"/> 
		<link name="bluebonnet" url="http://www.lsjunction.com/flower.htm"/> 
		<link name="surprise" url="http://www.surprise.com/"/> 
  </folder>
  
  <!-- sub cat: home_garden_pets -->
  <folder name="home_garden_pets"> 
		<link name="arcata_pet" url="http://www.arcatapet.com"/> 
		<link name="petpails" url="http://www.petpails.com"/> 
		<link name="petmarket" url="http://www.petmarket.com"/> 
		<link name="kitchen_collection" url="http://www.kitchencollection.com"/> 
		<link name="texashomeandgarden" url="http://www.texashomeandgarden.com/"/> 
		<link name="petspark_uk" url="http://www.petspark.com"/> 
                <link name="kidsgardening_com" url="http://www.kidsgardening.com"/> 
		<link name="ikea" url="http://www.ikea.com"/> 
  </folder>
  
  <!-- sub cat: computer -->
  <folder name="shop_computer"> 
		<link name="computer" url="http://www.computer.org/"/> 
		<link name="sgi" url="http://www.sgi.com"/> 
		<link name="dell" url="http://www1.euro.dell.com/content/products/compare.aspx?amp;c=uk&amp;cs=ukdhs1&amp;id=dimen&amp;l=en&amp;s=dhs"/> 
		<link name="apple" url="http://www.apple.com"/> 
		<link name="buypogo" url="http://www.buypogo.com"/> 
		<!-- <link name="buysell" url="http://www.buysell101.com"/> --> 
		<link name="acer" url="http://global.acer.com"/> 
		<link name="computer4sure" url="http://www.computers4sure.com"/> 
  </folder> 

  <!-- sub cat: toys_kids_baby -->      
  <folder name="toys_kids_baby"> 
		<link name="raggdolls" url="http://www.raggdolls.com"/> 
		<link name="toysrus" url="http://www.toysrus.com"/> 
		<link name="etoy" url="http://www.etoys.com/etoys/index.html"/> 
		<link name="toytent" url="http://www.toytent.com"/> 
		<!-- <link name="toyscamp" url="http://www.toyscamp.com"/>  -->
		<link name="discoverthis" url="http://www.discoverthis.com/"/> 
		<link name="all_babynkids" url="http://www.all-babynkids.com"/> 
  </folder>  

  <!-- sub cat: sports_outdoor -->      
  <folder name="sports_outdoor"> 
		<link name="rainbosport" url="http://www.rainbosportsshop.com"/> 
		<link name="academy" url="http://www.academy.com/"/> 
		<link name="campmor" url="http://campmor.com"/> 
		<link name="nba" url="http://store.nba.com"/> 
		<!-- <link name="fogdog" url="http://www.fogdog.com/home/index.jsp"/>  -->
		<link name="theoutdoorlodge" url="http://www.theoutdoorlodge.com"/> 
		<link name="nflshop" url="http://www.nflshop.com"/> 
  </folder>  

	<!-- sub cat: tech_gadgets -->
  <!-- sub cat: software -->      
  <folder name="software"> 
		<link name="autodesk" url="http://www.autodesk.com"/> 
		<link name="microsoft" url="http://www.microsoft.com"/> 
		<!-- <link name="webshots" url="http://www.webshots.com"/>  -->
		<link name="cnet_download" url="http://www.download.com"/> 
		<link name="pcworld" url="http://www.pcworld.com"/> 
		<link name="downloadalot" url="http://www.downloadalot.com"/> 
		<link name="bizRate" url="http://www.BizRate.com"/> 
  </folder>  

  <!-- sub cat: hardware -->      
  <folder name="hardware"> 
		<link name="myworldhardware" url="http://www.myworldhardware.com/v4/index.php"/> 
		<link name="about_com" url="http://home.about.com/compute"/> 
		<link name="hardwarecentral" url="http://www.hardwarecentral.com/hardwarecentral/"/> 
		<link name="aberdeeninc" url="http://www.aberdeeninc.com/?source=overture"/> 
		<!-- <link name="hardware_central" url="http://www.hardwarecentral.com"/> --> 
		<link name="pchardware" url="http://www.pchardware.ro"/> 
		<link name="monster_hardware" url="http://www.monster-hardware.com"/>
                <link name="webopaedia" url="http://webopedia.internet.com/Hardware"/> 
	</folder>
      
  <!-- sub cat: internet -->      
  <folder name="internet">      
		<link name="altavista" url="http://www.altavista.com"/> 
		<link name="hotbot" url="http://www.hotbot.com"/> 
		<link name="yahoo" url="http://www.yahoo.com"/> 
		<link name="google" url="http://www.google.com"/> 
		<!-- <link name="search_hippo" url="http://www.searchhippo.com"/> --> 
		<link name="all_academic" url="http://www.allacademic.com"/>
  </folder>

  <!-- sub cat: tech_news -->      
  <folder name="tech_news">           
		<link name="tech_news_com" url="http://www.tech-news.com"/> 
                <link name="hyperion" url="http://www.brio.com"/> 
		<link name="eweek" url="http://www.eweek.com/?kc=EWOV10310KTX2B2200436"/> 
		<link name="wired" url="http://www.wired.com/news/technology"/> 
		<link name="silicon_valley" url="http://www.siliconvalley.com"/>
		<link name="pctechguide" url="http://www.pctechguide.com"/> 
		<link name="bluetooth" url="http://www.bluetooth.com"/> 
  </folder>

  <!-- subsub cat: computer -->      
  <folder name="tech_computer">           
    <link name="computer_graphic" url="http://cgw.pennnet.com/home.cfm"/> 
    <link name="theregister" url="http://www.theregister.co.uk"/> 
    <link name="hardwareone" url="http://www.hardware-one.com"/> 
		<link name="ie_computer" url="http://www.computer.org"/> 
		<link name="macos_journal" url="http://www.macosjournal.com"/> 
		<link name="g_news" url="http://www.g-news.ch"/> 
		<link name="computer_weekly" url="http://www.cw360.com"/> 
		<link name="maximumpc" url="http://www.maximumpc.com"/> 
	</folder>

  <!-- sub cat: antivirus -->
  <folder name="antivirus"> 
		<link name="symantec" url="http://www.symantec.com"/> 
		<link name="pspl" url="http://www.pspl.com"/> 
		<link name="panda_software_antivirus" url="http://www.pandasoftware.com/home/default.asp"/> 
		<link name="grisoft" url="http://www.grisoft.com"/> 
		<link name="virushunter" url="http://www.virushunter.com/?amp;nats=MTY1MTozOjE&amp;OVRAW=antivirus&amp;OVKEY=anti%20virus&amp;OVMTC=standard"/> 
		<link name="norman" url="http://www.norman.com"/> 
  </folder>
      
  <!-- subsub cat: electronics -->
  <folder name="electronics"> 
		<link name="eink" url="http://www.eink.com"/> 
		<link name="xanboo" url="http://www.xanboo.com"/> 
		<link name="edsfair" url="http://www.edsfair.com"/>
                <link name="broadbandhome" url="http://www.thebroadbandhome.com"/>   
		<link name="sony" url="http://www.sony.com"/>
		<link name="avguide_ele" url="http://www.avguide.com"/>
	</folder>  

	<!-- sub cat: reference -->
  <!-- sub cat: maps -->
  <folder name="maps"> 
		<link name="mapquest" url="http://www.mapquest.com"/> 
		<link name="maps" url="http://www.maps.com/reference/"/>  
		<link name="excite_maps" url="http://www1.excite.com/home/info/maps/maps_overview"/> 
		<link name="great_circle_calculator" url="http://www.gb3pi.org.uk/great.html"/> 
		<link name="yahoo_map" url="http://maps.yahoo.com"/> 
		<link name="expedia" url="http://www.expedia.com"/> 
  </folder>  

	<!-- sub cat: geography -->
  <folder name="geography"> 
		<link name="nationalgeographic" url="http://www.nationalgeographic.com/xpeditions/"/> 
		<link name="geo_org" url="http://www.geographic.org"/> 
		<link name="geo_exchange" url="http://www.zephryus.demon.co.uk/geography/topics.html"/> 
		<link name="geo_network" url="http://www.geographynetwork.com"/> 
		<link name="global_statistics" url="http://www.xist.org"/> 
		<link name="global_geografia" url="http://www.globalgeografia.com/index_eng.htm"/> 
		<link name="geo_source" url="http://www.library.uu.nl/geosource/index.html"/>  
  </folder>  

  <!-- sub cat: dictionaries -->
  <folder name="dictionaries"> 
		<link name="your_dictionary" url="http://www.yourdictionary.com"/> 
		<link name="onelook" url="http://www.onelook.com"/> 
		<link name="dictionary" url="http://www.dictionary.com"/> 
		<link name="tigernt" url="http://www.tigernt.com/dict.shtml"/> 
		<!-- <link name="all_dictionaries" url="http://www.alldictionaries.com"/> --> 
		<!-- <link name="online_dictionaries" url="http://www.ets.ru/udict-e.htm"/>  -->
		<link name="babylon" url="http://www.babylon.com"/> 
		<link name="oed" url="http://www.oed.com"/> 
  </folder>  

	<!-- sub cat: flags -->
	<folder name="flags"> 
		<link name="flags_of_world" url="http://www.odci.gov/cia/publications/factbook/docs/flagsoftheworld.html"/> 
		<link name="flags_nations" url="http://www.fortunecity.com/victorian/crayon/1098/index.html"/> 
		<link name="all_national_flags" url="http://www.photius.com/flags/alphabetic_list.html"/> 
		<link name="flags_of_the_world" url="http://www.amazingflags.com"/> 
		<link name="anthems_flags" url="http://www.imagesoft.net/flags/flags.html"/> 
		<link name="flags_over_america" url="http://www.americanrevolution.org/flags.html"/> 
	</folder>  

	<!-- sub cat: world_records -->
	<folder name="world_records"> 
		<link name="aviation_space" url="http://www.fai.org/records"/> 
		<link name="science_daily" url="http://www.sciencedaily.com/directory/Reference/World_Records"/> 
		<link name="real_world_records" url="http://www.realworldrecords.com"/> 
		<link name="worldatlas" url="http://www.worldatlas.com/aatlas/world.htm"/> 
		<link name="hollywood_museums" url="http://www.seeing-stars.com/Museums/Guinness.shtml"/> 
		<link name="triviaguy" url="http://www.TriviaGuy.com"/> 
	</folder>  

  <!-- sub cat: bibliographies -->
  <folder name="bibliographies">
		<link name="religious_studies" url="http://www.acs.ucalgary.ca/~lipton/biblio.html"/> 
		<link name="aesthetics_online" url="http://www.aesthetics-online.org/ideas/bibliographies.html"/> 
		<link name="psychedelic" url="http://www.maps.org/wwwpb"/> 
		<link name="author_bibliographies" url="http://www.myunicorn.com/biblios.html"/> 
		<link name="bibliographies" url="http://digital.library.upenn.edu/women/wr-bibl.html"/> 
		<link name="film_bibliographies" url="http://www.lib.berkeley.edu/MRC/FilmBibMenu.html"/> 
  </folder>

	<!-- sub cat: biography -->
	<folder name="biography"> 
		<link name="biography_channel" url="http://www.biography.com"/> 
		<link name="afghanistan_an_overview" url="http://www.lib.berkeley.edu/SSEAL/SouthAsia/afghan.html"/> 
		<link name="myhero" url="http://myhero.com"/> 
		<link name="great_men_women" url="http://homepage.oanet.com/jaywhy"/> 
		<link name="about_famouspeople" url="http://www.aboutfamouspeople.com"/> 
		<link name="time100" url="http://www.time.com/time/time100"/>  
  </folder>

	<!-- sub cat: travel -->
	<!-- sub cat: air_travel -->
	<folder name="air_travel"> 
		<link name="airlines_world" url="http://www.kls2.com/airlines"/> 
		<link name="british_airline" url="http://www.british-airways.com"/> 
		<link name="atol" url="http://www.caa.co.uk/cpg/atol/default.asp"/> 
		<link name="singapore_airline" url="http://www.singaporeair.com"/> 
		<link name="cathaypacific" url="http://www.cathaypacific.com"/> 
		<link name="japanair" url="http://www.japanair.com"/>
		<link name="koreanair" url="http://www.koreanair.com"/> 
		<link name="aircanada" url="http://www.aircanada.com"/> 
  </folder>

	<!-- sub cat: car_travel -->
	<folder name="car_travel"> 
		<link name="aruba_travel" url="http://www.visitaruba.com/travel/getaround/rental.html"/> 
		<link name="thrifty" url="http://www.thrifty.com"/> 
		<link name="dollar_rent_a_car" url="http://www.dollar.co.uk/great_drives/oregon_willamette.asp"/> 
		<!-- <link name="alamo" url="http://www.goalamo.com"/>  -->
		<link name="britishcar" url="http://www.bcvr.co.uk"/> 
		<link name="avis" url="https://www.avis.com/AvisWeb/home/AvisHome"/> 
		<link name="autoeurope" url="http://www.autoeurope.com"/>  
	</folder>

	<!-- sub cat: rail_travel -->
	<folder name="rail_travel"> 
		<link name="eurostar" url="http://www.eurostar.com/dctm/jsp/index.jsp"/> 
		<link name="rail_uk" url="http://www.rail.co.uk"/> 
		<link name="metrarai" url="http://www.metrarail.com"/> 
		<link name="amtrak" url="http://www.amtrak.com/servlet/ContentServer?pagename=Amtrak/HomePage"/> 
		<link name="japan_rail_pass" url="http://www.jreast.co.jp/jrp"/>
		<link name="all_europe_rail" url="http://www.alleuroperail.com"/> 
		<link name="via_rail_canada" url="http://www.viarail.ca"/> 
	</folder>

	<!-- sub cat: lodging -->
	<folder name="lodging"> 
		<link name="bnb" url="http://www.bedandbreakfast.com"/> 
		<link name="lodging_dir" url="http://www.guests.com"/> 
		<!-- <link name="hotelworld" url="http://www.hotelworld.com"/> --> 
		<link name="bbonline" url="http://www.bbonline.com"/> 
		<link name="chla" url="http://www.chla.com/"/> 
		<link name="timeshare" url="http://www.timex.to"/> 
		<!-- <link name="youth_hostel" url="http://www.iyhf.org"/> --> 
	</folder>

	<!-- sub cat: packages_cruises -->
	<folder name="packages_cruises"> 
		<link name="vacation_packages" url="http://flyaow.com/vacationpackages.shtml"/> 
		<link name="smallshipcruises" url="http://www.smallshipcruises.com"/> 
		<link name="carnival" url="http://www.carnival.com/"/> 
		<link name="travelpoints" url="http://www.travelpoints.com/vacation/offers.html"/> 
		<link name="cruises_4_less" url="http://www.1-800-all-cruises.com/special.html"/>
		<link name="pocruises" url="http://www.pocruises.com/"/> 
	</folder>

	<!-- sub cat: hot_deals -->
	<folder name="hot_deals"> 
		<link name="hotdeals_travel" url="http://www.tampabay.com/travel/hotdeals"/> 
		<link name="lodging_com" url="http://www.lodging.com/hot-deals.cgi?remote=ASE"/> 
		<!-- <link name="europe_hotdeal" url="http://www.europehotdeal.com/Home.htm"/> --> 
		<link name="independent_traveler" url="http://www.independenttraveler.com"/> 
		<link name="campmor_com" url="http://www.campmor.com/webapp/wcs/stores/servlet/CategoryDisplay?storeId=226&amp;categoryId=248&amp;catalogId=40000000226"/> 
		<link name="all_travel_com" url="http://www.all-travel.com/hot.html"/> 
	</folder>

	<!-- sub cat: travel_interest -->
	<folder name="travel_interest"> 
		<link name="azcentral" url="http://www.azcentral.com/community/points"/> 
		<link name="islands" url="http://www.islands.com"/> 
		<link name="marimari_com" url="http://www.marimari.com/content/thailand/special_interests/action_thailand/main.html"/> 
		<link name="travel_leisure" url="http://www.travelandleisure.com"/> 
		<link name="seniors_network" url="http://www.seniorsnetwork.co.uk/leisure/holidays.htm"/> 
		<link name="travel_kids" url="http://www.travelforkids.com"/> 
		<link name="familytravel" url="http://www.familytravel.com"/> 
		<link name="adventures" url="http://www.1stClassAdventures.com"/> 
	</folder>

	<!-- sub cat: resources_tips -->
	<folder name="resources_tips"> 
		<link name="embassy_world" url="http://www.embassyworld.com"/> 
		<link name="card4anywhere" url="http://www.card4anywhere.com"/> 
		<link name="lonelyplanet" url="http://www.lonelyplanet.com"/> 
		<link name="travel_library" url="http://www.travel-library.com"/> 
		<link name="reading_by_9" url="http://www.latimes.com/extras/readingby9/resources_tips.html"/> 
		<link name="interrail" url="http://www.interrailers.net/english"/>
		<link name="universal_currency" url="http://www.xe.com/ucc"/> 
	</folder>
   
  <!-- sub cat: home_family -->
	<!-- sub cat: food_recipes -->
	<folder name="food_recipes"> 
		<link name="ivillage" url="http://www.ivillage.com/food"/> 
		<!-- <link name="bettycrocker" url="http://www.bettycrocker.com"/>  -->
		<link name="everydaycook" url="http://www.everydaycook.com"/> 
		<link name="antsaint" url="http://antsaint.typepad.com/ant/food_recipes"/> 
		<link name="japanese_recipe" url="http://www.bento.com/tf-recp.html"/> 
		<link name="recipe_source" url="http://www.recipesource.com"/> 
	</folder>
    
  <!-- sub cat: pets -->
	<folder name="pets"> 
		<link name="petfinder" url="http://www.petfinder.org"/> 
		<link name="cyberpet" url="http://www.cyberpet.com"/> 
		<link name="petsmart" url="http://www.petsmart.com"/> 
		<link name="pet_of_the_day" url="http://www.petoftheday.com"/> 
		<link name="pet_net" url="http://www.pet-net.net"/> 
		<link name="petcenter" url="http://www.thepetcenter.com"/>
		<link name="hillspet" url="http://www.hillspet.com"/> 
	</folder>

  <!-- sub cat: wedding -->
	<folder name="wedding"> 
		<link name="weddinglinks" url="http://www.weddinglinksgalore.com/sites/index.html"/> 
		<link name="weddingexpress" url="http://www.weddingexpress.com"/> 
		<!-- <link name="weddingglobe" url="http://www.weddingglobe.com/default.asp"/> --> 
		<link name="weddingdetails" url="http://www.weddingdetails.com"/> 
		<link name="ldsweddings_com" url="http://www.ldsweddings.com"/>
		<link name="wedding_corner" url="http://www.lianbee.com/checklist.html"/> 
	</folder>
    
	<!-- sub cat: diy -->
	<folder name="diy"> 
		<link name="diy_com" url="http://www.diy.com"/> 
		<link name="diynet" url="http://www.diynet.com"/> 
		<link name="ehow" url="http://www.ehow.com"/> 
		<link name="diydata" url="http://www.diydata.com"/> 
		<link name="diy_librarian" url="http://www.personal.psu.edu/staff/t/e/tem10"/> 
		<link name="doit101" url="http://doit101.com"/>
		<link name="the_diy_world" url="http://www.thediyworld.co.uk"/> 
	</folder>
    
  <!-- sub cat: parenting -->
	<folder name="parenting"> 
		<link name="tnpc_com" url="http://www.tnpc.com"/> 
		<link name="baby_parenting" url="http://babyparenting.about.com/mbody.htm"/> 
		<link name="parenthood" url="http://www.parenthood.com"/> 
		<link name="parents_talk" url="http://www.parents-talk.com"/> 
		<link name="todays_parent" url="http://www.todaysparent.com"/> 
	</folder>
    
	<!-- sub cat: garden -->
	<folder name="garden"> 
		<link name="america_selections" url="http://www.all-americaselections.org"/> 
		<link name="garden_web" url="http://www.gardennet.com"/> 
		<link name="gardeners_path" url="http://www.gardenerspath.com"/> 
		<link name="greenweb" url="http://www.greenweb.com.au/garden/html/bookshelf.html"/>
		<link name="gardening_tip" url="http://gardeningtips.org"/> 
		<link name="gardening_places" url="http://www.gardeningplaces.com"/> 
	</folder>
    
	<!-- sub cat: homemaking -->
	<folder name="homemaking"> 
		<link name="homemaking_cottage" url="http://www.homemakingcottage.com"/> 
		<link name="newhome_maker" url="http://www.newhomemaker.com"/> 
		<link name="homemade_simple" url="http://www.homemadesimple.com/newsletter/index.shtml"/> 
		<link name="all_homenfamily" url="http://www.all-homenfamily.com"/>
		<link name="creating_homestyle" url="http://www.creatinghomestyle.net"/> 
		<!-- <link name="household_express" url="http://www.householdexpress.com"/>  -->
	</folder>
    
</module>