<?xml version="1.0" encoding="gb2312"?>

<resource> 
  <!-- Main Categories -->

  <text name="entertainment">Entertainment</text>
  <text name="shopping">Shopping</text> 
  <text name="tech_gadgets">Tech and Gadgets</text>
  <text name="reference">Reference</text>
  <text name="travel">Travel</text>
  <text name="classifieds">Classifieds</text>
  <text name="greeting_card">Greeting Card</text>
  <text name="home_family">Home Family</text>

  <!-- Sub Level 1 Categories -->

  <!-- sub cat :entertainment--> 
  <text name="movies">Movies</text>
  <text name="music">Music</text>
  <text name="celebrities">Celebrities</text> 
  <text name="comics">Comics and Animation</text>
  <text name="games">Games</text>
  <text name="online_stories">Online Stories</text>
  
  <!-- sub cat :shopping-->  
  <text name="apparel_accessories">Apparel and Accessories</text>
  <text name="books_movies_music">Books, Movies and Music</text>
  <text name="consumer_electronics">Consumer Electronics</text> 
  <text name="gifts_flowers_gourmet">Gifts, Flowers and Gourmet</text>
  <text name="home_garden_pets">Home, Garden and Pets</text>
  <text name="shop_computer">Computer</text>
  <text name="toys_kids_baby">Toys, Kids and Baby</text>
  <text name="sports_outdoor">Sports and Outdoor</text>
  
  <!-- sub cat :tech_gadgets-->  
  <text name="software">Software</text>
  <text name="hardware">Hardware</text>
  <text name="internet">Internet</text>     
  <text name="tech_news">Tech News</text>        
  <text name="tech_computer">Computer</text>           
  <text name="antivirus">Antivirus</text>
  <text name="electronics">Electronics</text>
  
  <!-- sub cat :reference--> 
  <text name="maps">Maps</text> 
  <text name="geography">Geography</text> 
  <text name="dictionaries">Online Dictionaries</text>
  <text name="flags">Flags</text>
  <text name="world_records">World Records</text> 
  <text name="bibliographies">Bibliographies</text>
  <text name="biography">Biography</text>
  
  <!-- sub cat :travel--> 
  <text name="air_travel">Air Travel</text>
  <text name="car_travel">Car Travel</text> 
  <text name="rail_travel">Rail Travel</text>
  <text name="lodging">Lodging</text>
  <text name="packages_cruises">Packages and Cruises</text>
  <text name="hot_deals">Hot Deals</text> 
  <text name="travel_interest">Travel Interest</text>
  <text name="resources_tips">Resources and Tips</text> 
  
  <!-- sub cat :classifieds--> 
  <text name="jumbo_careers">Jumbo Classified</text>
  <text name="job_hunt">Job-Hunt</text>
  <text name="newsday_com">Newsday.com</text>
  <text name="career_site">Career Site</text>
  <text name="degree_hunter">Degree Hunter</text>
  <text name="gojobs">Go Jobs</text>  
  
  <!-- sub cat :greeting_card--> 
  <text name="american_greetings">American Greetings</text>
  <text name="yahoo_greetings">Yahoo! Greetings</text>
  <text name="hallmark">Hallmark</text>
  <text name="greeting_cards_com">Greeting Cards</text>
  <text name="free_greeting">Netscape Free Greeting</text>
  <text name="greetingcardcds_com">Getting cards with a music CD inside</text>
  <text name="crossdaily">Cross Daily</text>

  <!-- sub cat :home_family-->
  <text name="food_recipes">Food and Recipes</text>
  <text name="pets">Pets</text>
  <text name="wedding">Wedding</text>
  <text name="diy">Do-It-Yourself</text>
  <text name="parenting">Parenting</text>
  <text name="garden">Garden</text>
  <text name="homemaking">Homemaking</text>

  <!-- Sub Level 2 Categories -->
 
  <!-- sub cat :entertainment-->
  <!-- sub cat :movie-->
  <text name="allmovieguide">All Movie Guide</text>
  <text name="movies_com">Movies</text>
  <text name="movieyahoo">Yahoo - Movies</text>
  <text name="thunderbirds">Thunderbirds - The Movie</text>
  <text name="moviesweb">Movie Web</text>
  
  <!-- sub cat :music-->
  <text name="launch_music">Launch Music</text>
  <!-- <text name="allmusic">All Music Guide</text> -->
  <text name="popscast">PopsCast</text>
  <text name="mp3">MP3</text>
  <text name="audiogalaxy">AudioGalaxy</text>
  <text name="bmi">BMI</text>
  <text name="asiandb">AsianDB</text>
  <text name="all_reviews">All Reviews</text>
  
  <!-- sub cat :celebrities-->
  <!-- <text name="celebhoo">Celebhoo</text> -->
  <text name="worldhot">WorldHot</text>
  <text name="mm52">mm52</text>
  <text name="hollywooda_z">Hollywood A-Z</text>
  <text name="stars_online">Stars Online</text>
  <!-- <text name="abstracts">Abstracts</text> -->
  <text name="eonline">E! Online</text>
  
  <!-- sub cat: comics -->
  <text name="animation_world_network">Animation World Network</text>
  <text name="comics_com">Comics.com</text>
  <text name="comicspage">Comics Page</text>
  <text name="dilbert">Dilbert.com</text>
  <text name="cartoon_saloon">Cartoon Saloon</text>
  <text name="universal_kids">Universal kids</text>
  
  <!-- sub cat: games -->
  <text name="yahoo_games">Yahoo Games</text>
  <text name="netscape">Netscape - Games</text>
  <!-- <text name="gamezone">GameZone</text> -->
  <text name="games_domain">Games Domain</text>
  <text name="popcap_games">Welcome to PopCap Games</text>
  <text name="pcgamer">PC Gamer</text>
  <text name="gamespot">Game Spot</text>
  <text name="allgame">All Game Guide</text>
  
  <!-- sub cat: online_stories -->
  <text name="child_story_online">Children's Storybooks Online</text>
  <text name="kids_corner">Kids' Corner</text>
  <!-- <text name="disney_story">Walt Disney Books: Story Time</text> -->
  <text name="ipl_kidspace">IPL Kidspace: Story Hour</text>
  <text name="tell_me_story">Tell Me A Story</text>
  <text name="bubble_dome">Bubble Dome</text>
  <text name="interactive_education">Education by Design</text>

  <!-- sub cat: shopping -->
  <!-- sub cat: apparel_accessories -->
  <text name="macys">Macys</text>
  <text name="fossil">Fossil Online</text>
  <text name="kleptomaniac">Kleptomaniac</text>
  <text name="polo">Polo</text>
  <text name="harley_davidson">Harley Davidson</text>
  <!-- <text name="guess">Guess</text> -->
  <text name="haburi">Haburi</text>
  
  <!-- sub cat: books_movies_music -->
  <text name="amazon">Amazon</text>
  <text name="oreilly">Oreilly</text>
  <text name="dvdreview">DVD Review</text>
  <text name="cd_universe">CD Universe</text>
  <text name="ecampus">ecampus</text>
  <text name="overstock">Overstock</text>
  <text name="buy_com">Buy</text>
  <text name="greenapplebooks">Green Apple Books</text>
  
  <!-- sub cat: consumer_electronics -->
  <text name="camcor">CamCor</text>
  <!-- <text name="avguide">Av Guide</text> -->
  <text name="salescircular">Sales Circular</text>
  <text name="dvdcity">DVD City</text>
  <text name="jessops">Jessops</text>
  <text name="batterymart">Battery Mart</text>
  <text name="samsung">Samsung's Digital World</text>
  <text name="epinions">Epinions</text>
 
  <!-- sub cat: gifts_flowers_gourmet -->
  <text name="flowersandgourmetgifts">Flower and Gourmet Gifts</text>
  <text name="godiva">Godiva - Chocolatier</text>
  <text name="gift_tree">Gift Tree</text>
  <text name="gift_baskets">Gift Baskets</text>
  <text name="fun_genealogy_gifts">Fun Genealogy Gifts</text>
  <text name="bluebonnet">The Texas State Flower: Bluebonnet</text>
  <text name="surprise">Surprise</text>
  
  <!-- sub cat: home_garden_pets -->
  <text name="arcata_pet">Arcata Pet: Pet Supplies</text>
  <text name="petpails">PetPails</text>
  <text name="petmarket">Pet Market</text>
  <text name="kitchen_collection">Kitchen Collection</text>
  <text name="texashomeandgarden">Texas Home and Garden</text>
  <text name="petspark_uk">Petspark UK</text>
  <text name="kidsgardening_com">Welcome to KidsGardening</text>
  <text name="ikea">Ikea Global</text>
  
  <!-- sub cat: shop_computer -->
  <text name="computer">Computer</text>
  <text name="sgi">SGI</text>
  <text name="dell">DELL</text>
  <text name="apple">Apple Computer</text>
  <text name="buypogo">Pogo</text>
  <!-- <text name="buysell">Buy Sell 101</text> -->
  <text name="acer">Acer Inc</text>
  <text name="computer4sure">Computer4sure</text>
  
  <!-- sub cat: toys_kids_baby -->
  <text name="raggdolls">RaggDolls</text>
  <text name="toysrus">Toysrus</text>
  <text name="etoy">eToys.com Online Store</text>
  <text name="toytent">ToyTent Antique</text>
  <!-- <text name="toyscamp">Toys camp</text> -->
  <text name="discoverthis">Discover This</text>
  <text name="all_babynkids">All Baby'n Kids</text>
  
  <!-- sub cat: sports_outdoor -->
  <text name="rainbosport">Rainbo Sports Shop</text>
  <text name="academy">Academy</text>
  <text name="campmor">Campmor</text>
  <text name="nba">NBA Store</text>
  <!-- <text name="fogdog">FogDog Sports</text> -->
  <text name="theoutdoorlodge">The Outdoor Lodge</text>
  <text name="nflshop">Official Shop of the NFL</text>
  
  <!-- sub cat: tech_gadgets -->
  <!-- sub cat: software -->  
  <text name="autodesk">Autodesk Products</text>
  <text name="microsoft">Microsoft Products</text>
  <!-- <text name="webshots">Webshots</text> -->
  <text name="cnet_download">CNET Download</text>
  <text name="pcworld">PC World</text>
  <text name="downloadalot">Free Software Downloads</text>
  <text name="bizRate">BizRate</text>

  <!-- sub cat: hardware --> 
  <text name="myworldhardware">myWORLD Hardware</text>
  <text name="about_com">About</text>
  <text name="hardwarecentral">Hardware Central</text>
  <text name="aberdeeninc">Aberdeeninc</text>
  <!-- <text name="hardware_central">Hardware Central</text> -->
  <text name="pchardware">PC Hardware Reviews</text>
  <text name="monster_hardware">Monster_Hardware</text>
  <text name="webopaedia">Dictionary Definitions for Words in the Hardware</text>
  
  <!-- sub cat: internet -->
  <text name="altavista">AltaVista</text>
  <text name="hotbot">Homepage HotBot Web Search</text>
  <text name="yahoo">Yahoo!</text>
  <text name="google">Google</text>
  <!-- <text name="search_hippo">SearchHippo</text> -->
  <text name="all_academic">All Academic</text>
  
  <!-- sub cat: tech_news --> 
  <text name="tech_news_com">TechNews</text>
  <text name="hyperion">Hyperion</text>
  <text name="eweek">Eweek</text>
  <text name="wired">Wired News</text>
  <text name="silicon_valley">SiliconValley</text>
  <text name="pctechguide">PC Tech Guide</text>
  <text name="bluetooth">Bluetooth</text>

  <!-- subsub cat: computer -->
  <text name="computer_graphic">Computer Graphics World</text>
  <text name="theregister">The Register</text>
  <text name="hardwareone">Hardware One</text>
  <text name="ie_computer">IEEE Computer Society</text>
  <text name="macos_journal">Mac OS Journal</text>
  <text name="g_news">G-News</text>
  <text name="computer_weekly">Computer Weekly: CW360</text>
  <text name="maximumpc">Maximum PC</text>
  
  <!-- sub cat: antivirus -->
  <text name="symantec">Symantec Worldwide Home Page</text>
  <text name="pspl">Proland Software</text>
  <text name="panda_software_antivirus">Panda Software Antivirus</text>
  <text name="grisoft">AVG Anti-Virus System</text>
  <text name="virushunter">Virus Hunter</text>
  <text name="norman">Antivirus - Norman</text>
  
  <!-- subsub cat: electronics -->
  <text name="eink">E - Ink: HTML</text>
  <text name="xanboo">Xanboo</text>
  <text name="edsfair">Electronic Design and Solution Fair</text>
  <text name="broadbandhome">Broadband Home</text>
  <text name="sony">Sony USA</text>
  <text name="avguide_ele">AV Guide</text>
   
  <!-- sub cat: reference -->
  <!-- sub cat: maps -->
  <text name="mapquest">MapQuest</text>
  <text name="maps">Maps</text>
  <text name="excite_maps">Excite Maps and Directions</text>
  <text name="great_circle_calculator">Great Circle Calculator</text>
  <text name="yahoo_map">Yahoo! Maps</text>
  <text name="expedia">Expedia</text>
  
  <!-- sub cat: geography -->
  <text name="nationalgeographic">National Geographic</text>
  <text name="geo_org">Geographic</text>
  <text name="geo_exchange">The Geography Exchange</text>
  <text name="geo_network">Geography Network</text>
  <text name="global_statistics">GeoHive: Global Statistics</text>
  <text name="global_geografia">Global Geografia</text>
  <text name="geo_source">Geosource</text>
  
  <!-- sub cat: dictionaries -->
  <text name="your_dictionary">YourDictionary</text>
  <text name="onelook">OneLook Dictionary Search</text>
  <text name="dictionary">Online Dictionary</text>
  <text name="tigernt">English-Chinese Online Dictionary</text>
  <text name="all_dictionaries">AllDictionaries</text>
  <text name="online_dictionaries">On-Line Dictionaries</text>
  <text name="babylon">Online dictionary software</text>
  <text name="oed">Oxford English Dictionary</text>

  <!-- sub cat: flags -->
  <text name="flags_of_world">Flags of the World</text>
  <text name="flags_nations">Flags of the Nations</text>
  <text name="all_national_flags">All Flags in Alphabetical Sequence</text>
  <text name="flags_of_the_world">Flags of The World</text>
  <text name="anthems_flags">Anthems Flags</text>
  <text name="flags_over_america">Flags Over America</text>
  
  <!-- sub cat: world_records -->
  <text name="aviation_space">Aviation World Records</text>
  <text name="science_daily">Science Daily</text>
  <text name="real_world_records">Real World Records</text>
  <text name="worldatlas">World Atlas</text>
  <text name="hollywood_museums">Hollywood Guinness World of Records</text>
  <text name="triviaguy">Trivia Guy</text>

  <!-- sub cat: bibliographies -->
  <text name="religious_studies">Biblographies on the Net</text>
  <text name="aesthetics_online">Aesthetics Bibliographies</text>
  <text name="psychedelic">Psychedelic Bibliography</text>
  <text name="author_bibliographies">Author Bibliographies</text>
  <text name="bibliographies_net">Bibliographies on the Net</text>
  <text name="film_bibliographies">Film Bibliographies</text>
  
  <!-- sub cat: biography -->
  <text name="biography_channel">The Biography Channel</text>
  <text name="afghanistan_an_overview">South Asia Bibliographies_Afghanistan</text>
  <text name="myhero">MyHero</text>
  <text name="great_men_women">Great Men and Women of the World</text>
  <text name="about_famouspeople">About Famous People</text> 
  <text name="time100">Time 100</text>
 
	<!-- sub cat: travel -->
	<!-- sub cat: air_travel -->
  <text name="airlines_world">Airlines of the World</text>
  <text name="british_airline">Bristish Airways</text>
  <text name="atol">Air Travel Organisers Licensing</text>
  <text name="singapore_airline">Singapore Airlines</text>
  <text name="cathaypacific">Cathay Pacific</text>
  <text name="japanair">Japan Air</text>
  <text name="koreanair">Korean Air</text>
  <text name="aircanada">Air Canada</text>
  
  <!-- sub cat: car_travel -->
  <text name="aruba_travel">Aruba Travel</text>
  <text name="thrifty">Thrifty Car Rental</text>
  <text name="dollar_rent_a_car">Dollar Rent a Car</text>
  <!-- <text name="alamo">Alamo Rent A Car</text> -->
  <text name="britishcar">British Car Rental</text>
  <text name="avis">Avis Rent a Car</text>
  <text name="autoeurope">Auto Europe</text>
  
  <!-- sub cat: rail_travel -->
  <text name="eurostar">Eurostar</text>
  <text name="rail_uk">UK Railways on the Net</text>
  <text name="metrarai">Metropolitan Rail (Metra)</text>
  <text name="amtrak">Amtrak</text>
  <text name="japan_rail_pass">Japan Rail Pass</text>
  <text name="all_europe_rail">All Europe Rail</text>
  <text name="via_rail_canada">VIA Rail Canada</text>
  
  <!-- sub cat: lodging -->
  <text name="bnb">Bed and Breakfast</text>
  <text name="lodging_dir">The National Lodging Directory</text>
  <!-- <text name="hotelworld">Hotel World</text> -->
  <text name="bbonline">Bed and Breakfast Inns Online</text>
  <text name="chla">Colorado Hotel and Lodging Association</text>
  <text name="timeshare">The Timeshare Owners Exchange</text>
  <!-- <text name="youth_hostel">International Youth Hostel</text> -->
 
  <!-- sub cat: packages_cruises -->
  <text name="vacation_packages">Vacation Packages</text>
  <text name="smallshipcruises">Small Ship Cruises</text>
  <text name="carnival">Carnival Cruises Line</text>
  <text name="travelpoints">James Travel Point</text>
  <text name="cruises_4_less">Cruises-4-less</text>
  <text name="pocruises">P and O Cruises</text>
 
  <!-- sub cat: hot_deals -->
  <text name="hotdeals_travel">Hot Deals Travel</text>
  <text name="lodging_com">Hot Deals</text>
  <!-- <text name="europe_hotdeal">Europe Hot Deal</text> -->
  <text name="independent_traveler">About The Independent Traveler</text>
  <text name="campmor_com">Campmor: Hot Deals</text>
  <text name="all_travel_com">All Travel</text>
 
  <!-- sub cat: travel_interest -->
  <text name="azcentral">Travel.azcentral</text>
  <text name="islands">Islands</text>
  <text name="marimari_com">Thailand Special Interests</text>
  <text name="travel_leisure">Travel And Leisure</text>
  <text name="seniors_network">Seniors Network_Leisure Interests</text>
  <text name="travel_kids">Travel for Kids</text>
  <text name="familytravel">Family Travel</text>
  <text name="adventures">1st Class Adventures</text>
 
  <!-- sub cat: resources_tips -->
  <text name="embassy_world">Embassy World</text>
  <text name="card4anywhere">Card4anywhere</text>
  <text name="lonelyplanet">Lonely Planet</text>
  <text name="travel_library">Travel-Library</text>
  <text name="reading_by_9">Reading by 9</text>
  <text name="interrail">Interrailers Net</text>
  <text name="universal_currency">Universal Currency Converter</text>
  
	<!-- sub cat: home_family -->
	<!-- sub cat: food_recipes -->
  <text name="ivillage">iVillage</text>
  <!-- <text name="bettycrocker">Betty Crocker</text> -->
  <text name="everydaycook">Everyday Cook</text>
  <text name="antsaint">AntSaint Food Recipes</text>
  <text name="japanese_recipe">Tokyo Food Page</text>
  <text name="recipe_source">Recipe Source</text>

  <!-- sub cat: pets -->
  <text name="petfinder">Pet Finder Home Page</text>
  <text name="cyberpet">CyberPet</text>
  <text name="petsmart">Petsmart</text>
  <text name="pet_of_the_day">Pet of the Day</text>
  <text name="pet_net">Pet Net</text>
  <text name="petcenter">Pet Center-Health Care</text>
  <text name="hillspet">Hill's Pet Nutrition Home Page</text>
 
  <!-- sub cat: wedding -->
  <text name="weddinglinks">Ultimate Wedding</text>
  <text name="weddingexpress">Weddinge Xpress</text>
  <!-- <text name="weddingglobe">Wedding Globe</text> -->
  <text name="weddingdetails">Wedding Details</text>
  <text name="ldsweddings_com">LDS Weddings.com</text>
  <text name="wedding_corner">Wedding Corner</text>
  
  <!-- sub cat: diy -->
  <text name="diy_com">B and Q</text>
  <text name="diynet">DIY Network</text>
  <text name="ehow">eHow-How things get done</text>
  <text name="diydata">DIYdata.com</text>
  <text name="diy_librarian">DIY Librarian</text>
  <text name="doit101">Do-It-101</text>
  <text name="the_diy_world">The DIY World</text>
  
  <!-- sub cat: parenting -->
  <text name="tnpc_com">The National Parenting Center</text>
  <text name="baby_parenting">Parenting Babies and Toddlers</text>
  <text name="parenthood">Parenthood</text>
  <text name="parents_talk">Parents Talk</text>
  <text name="todays_parent">Today's Parent Online</text>
 
  <!-- sub cat: garden -->
  <text name="america_selections">All America Selections Winners</text>
  <text name="garden_web">Garden Web</text>
  <text name="gardeners_path">Gardener's Path</text>
  <text name="greenweb">Green Web Garden</text>
  <text name="gardening_tip">Gardener's Paradise</text>
  <text name="gardening_places">Gardening Places</text>
 
  <!-- sub cat: homemaking -->
  <text name="homemaking_cottage">The Homemaking Cottage</text>
  <text name="newhome_maker">The New Homemaker</text>
  <text name="homemade_simple">Home Made Simple</text>
  <text name="all_homenfamily">All Home 'n Family</text>
  <text name="creating_homestyle">Creating Home Style</text>
  <!-- <text name="household_express">Household Express</text> -->
  
</resource>